30,new event 1,new-event-1
32,new event 2,new-event-2
34,new event 3,new-event-3
36,new event 4,new-event-4
38,new event 5,new-event-5
40,new event 6,new-event-6
42,new event 7,new-event-7
44,new event 8,new-event-8
46,new event 9,new-event-9
48,new event 10,new-event-10
50,new event 11,new-event-11
51,new event 12,new-event-12
53,new event 13,new-event-13
55,new event 14,new-event-14
57,new event 15,new-event-15
59,new event 16,new-event-16
61,new event 17,new-event-17
63,new event 18,new-event-18
65,new event 19,new-event-19
67,new event 20,new-event-20
69,new event 21,new-event-21
71,new event 22,new-event-22
73,new event 23,new-event-23
75,new event 24,new-event-24
77,new event 25,new-event-25
79,new event 26,new-event-26
81,new event 27,new-event-27
83,new event 28,new-event-28
84,new event 29,new-event-29
86,new event 30,new-event-30
88,new event 31,new-event-31
90,new event 32,new-event-32
92,new event 33,new-event-33
94,new event 34,new-event-34
96,new event 35,new-event-35
98,new event 36,new-event-36
100,new event 37,new-event-37
102,new event 38,new-event-38
104,new event 39,new-event-39
106,new event 40,new-event-40
108,new event 41,new-event-41
110,new event 42,new-event-42
112,new event 43,new-event-43
114,new event 44,new-event-44
116,new event 45,new-event-45
118,new event 46,new-event-46
120,new event 47,new-event-47
121,new event 48,new-event-48
123,new event 49,new-event-49
125,new event 50,new-event-50
127,new event 51,new-event-51
129,new event 52,new-event-52
131,new event 53,new-event-53
133,new event 54,new-event-54
135,new event 55,new-event-55
137,new event 56,new-event-56
139,new event 57,new-event-57
141,new event 58,new-event-58
143,new event 59,new-event-59
145,new event 60,new-event-60
147,new event 61,new-event-61
149,new event 62,new-event-62
150,new event 63,new-event-63
152,new event 64,new-event-64
154,new event 65,new-event-65
156,new event 66,new-event-66
158,new event 67,new-event-67
160,new event 68,new-event-68
162,new event 69,new-event-69
164,new event 70,new-event-70
166,new event 71,new-event-71
168,new event 72,new-event-72
170,new event 73,new-event-73
172,new event 74,new-event-74
174,new event 75,new-event-75
176,new event 76,new-event-76
178,new event 77,new-event-77
