2,frank.morris@example.com,214,214
3,david.williams@example.com,214,214
4,dawn.lindsey@example.com,214,214
5,amy.scott@example.com,214,214
15,sheila.payne@example.com,214,214
16,dennis.villarreal@example.com,214,214
17,patricia.garcia@example.com,214,214
18,cynthia.cole@example.com,214,214
19,mitchell.wood@example.com,214,214
6,carolyn.ortiz@example.com,214,214
7,victoria.kennedy@example.com,214,214
8,brandon.livingston@example.com,214,214
9,james.johnson@example.com,214,214
10,christopher.phillips@example.com,214,214
11,kathleen.mann@example.com,214,214
12,betty.holloway@example.com,214,214
13,susan.valenzuela@example.com,214,214
14,megan.johnson@example.com,214,214
20,sue.salazar@example.com,214,214
21,frederick.cooley@example.com,214,214
22,sierra.benson@example.com,214,214
23,amanda.rodriguez@example.com,214,214
24,ethan.stone@example.com,214,214
25,ashley.collins@example.com,214,214
26,nicole.martinez@example.com,214,214
27,carla.smith@example.com,214,214
28,john.woods@example.com,214,214
29,tracy.wood@example.com,214,214
30,kathryn.lawrence@example.com,214,214
31,mary.miller@example.com,214,214
32,deanna.campbell@example.com,214,214
33,jessica.welch@example.com,214,214
34,adam.carpenter@example.com,214,214
35,shawn.gray@example.com,214,214
36,john.austin@example.com,214,214
37,gail.davis@example.com,214,214
38,christopher.jensen@example.com,214,214
39,joe.walker@example.com,214,214
40,nicholas.hill@example.com,214,214
42,2@gmail.com,214,214
43,la@qq.com,214,214
44,2@qq.com,214,214
41,patricia.preston@example.com,214,214
