_id,slug,title
ObjectId(59caa274476a6763c2b100b9),new-blog-1,new blog 1
ObjectId(59caa274476a6763c2b100ba),new-blog-1-58,Image: new blog 1
ObjectId(59caa54a476a6763bf8f5e7a),new-blog-2,new blog 2
ObjectId(59caa54a476a6763bf8f5e7b),new-blog-2-9,Image: new blog 2
ObjectId(59caa5a9476a6763c2b100bb),new-blog-3,new blog 3
ObjectId(59caa5a9476a6763c2b100bc),new-blog-3-3,Image: new blog 3
ObjectId(59caa60f476a6763c2b100bd),new-blog-4,new blog 4
ObjectId(59caa78b476a6763c2b100be),new-blog-5,new blog 5
ObjectId(59caa78c476a6763c2b100bf),new-blog-5-116,Image: new blog 5
ObjectId(59caa78d476a6763c6d27784),new-blog-6,new blog 6
ObjectId(59caa78d476a6763c6d27785),new-blog-6-231,Image: new blog 6
ObjectId(59caa791476a6763c6d27786),new-blog-7,new blog 7
ObjectId(59caa791476a6763c6d27787),new-blog-7-186,Image: new blog 7
ObjectId(59caa792476a6763c2b100c0),new-blog-8,new blog 8
ObjectId(59caa792476a6763c2b100c1),new-blog-8-47,Image: new blog 8
ObjectId(59caa794476a6763c6d27788),new-blog-9,new blog 9
ObjectId(59caa794476a6763c6d27789),new-blog-9-78,Image: new blog 9
ObjectId(59caa796476a6763c6d2778a),new-blog-10,new blog 10
ObjectId(59caa797476a6763c6d2778b),new-blog-10-156,Image: new blog 10
ObjectId(59caa799476a6763c6d2778c),new-blog-11,new blog 11
ObjectId(59caa799476a6763c6d2778d),new-blog-11-38,Image: new blog 11
ObjectId(59caa79b476a6763c6d2778e),new-blog-12,new blog 12
ObjectId(59caa79b476a6763c6d2778f),new-blog-12-76,Image: new blog 12
ObjectId(59caa79d476a6763c6d27790),new-blog-13,new blog 13
ObjectId(59caa79e476a6763c6d27791),new-blog-13-55,Image: new blog 13
ObjectId(59caa79f476a6763c2b100c2),new-blog-14,new blog 14
ObjectId(59caa7a0476a6763c2b100c3),new-blog-14-250,Image: new blog 14
ObjectId(59caa7a1476a6763c2b100c4),new-blog-15,new blog 15
ObjectId(59caa7a1476a6763c2b100c5),new-blog-15-125,Image: new blog 15
ObjectId(59caa7a3476a6763c2b100c6),new-blog-16,new blog 16
ObjectId(59caa7a3476a6763c2b100c7),new-blog-16-179,Image: new blog 16
ObjectId(59caa7a5476a6763c2b100c8),new-blog-17,new blog 17
ObjectId(59caa7a5476a6763c2b100c9),new-blog-17-17,Image: new blog 17
ObjectId(59caa7a6476a6763c2b100ca),new-blog-18,new blog 18
ObjectId(59caa7a7476a6763c2b100cb),new-blog-18-51,Image: new blog 18
ObjectId(59caa7a9476a6763c2b100cc),new-blog-19,new blog 19
ObjectId(59caa7a9476a6763c2b100cd),new-blog-19-240,Image: new blog 19
ObjectId(59caa7aa476a6763c2b100ce),new-blog-20,new blog 20
ObjectId(59caa7ab476a6763c2b100cf),new-blog-20-25,Image: new blog 20
ObjectId(59caa7ac476a6763c6d27792),new-blog-21,new blog 21
ObjectId(59caa7ac476a6763c6d27793),new-blog-21-172,Image: new blog 21
ObjectId(59caa7ae476a6763c6d27794),new-blog-22,new blog 22
ObjectId(59caa7ae476a6763c6d27795),new-blog-22-105,Image: new blog 22
ObjectId(59caa7b0476a6763c6d27796),new-blog-23,new blog 23
ObjectId(59caa7b0476a6763c6d27797),new-blog-23-214,Image: new blog 23
ObjectId(59caa7b2476a6763c6d27798),new-blog-24,new blog 24
ObjectId(59caa7b2476a6763c6d27799),new-blog-24-166,Image: new blog 24
ObjectId(59caa7b4476a6763c6d2779a),new-blog-25,new blog 25
ObjectId(59caa7b4476a6763c6d2779b),new-blog-25-250,Image: new blog 25
ObjectId(59caa7b6476a6763c2b100d0),new-blog-26,new blog 26
ObjectId(59caa7b6476a6763c2b100d1),new-blog-26-63,Image: new blog 26
ObjectId(59caa7b7476a6763c6d2779c),new-blog-27,new blog 27
ObjectId(59caa7b7476a6763c6d2779d),new-blog-27-72,Image: new blog 27
ObjectId(59caa7b9476a6763c6d2779e),new-blog-28,new blog 28
ObjectId(59caa7b9476a6763c6d2779f),new-blog-28-103,Image: new blog 28
ObjectId(59caa7bb476a6763c6d277a0),new-blog-29,new blog 29
ObjectId(59caa7bb476a6763c6d277a1),new-blog-29-35,Image: new blog 29
ObjectId(59caa7bd476a6763c2b100d2),new-blog-30,new blog 30
ObjectId(59caa7bd476a6763c2b100d3),new-blog-30-189,Image: new blog 30
ObjectId(59caa7bf476a6763c6d277a2),new-blog-31,new blog 31
ObjectId(59caa7bf476a6763c6d277a3),new-blog-31-233,Image: new blog 31
ObjectId(59caa7c0476a6763c2b100d4),new-blog-32,new blog 32
ObjectId(59caa7c0476a6763c2b100d5),new-blog-32-26,Image: new blog 32
ObjectId(59caa7c2476a6763c6d277a4),new-blog-33,new blog 33
ObjectId(59caa7c2476a6763c6d277a5),new-blog-33-202,Image: new blog 33
ObjectId(59caa7c3476a6763c6d277a6),new-blog-34,new blog 34
ObjectId(59caa7c4476a6763c6d277a7),new-blog-34-215,Image: new blog 34
ObjectId(59caa7c6476a6763c6d277a8),new-blog-35,new blog 35
ObjectId(59caa7c6476a6763c6d277a9),new-blog-35-126,Image: new blog 35
ObjectId(59caa7c7476a6763c2b100d6),new-blog-36,new blog 36
ObjectId(59caa7c7476a6763c2b100d7),new-blog-36-53,Image: new blog 36
ObjectId(59caa7c9476a6763c2b100d8),new-blog-37,new blog 37
ObjectId(59caa7c9476a6763c2b100d9),new-blog-37-182,Image: new blog 37
ObjectId(59caa7cb476a6763c2b100da),new-blog-38,new blog 38
ObjectId(59caa7cb476a6763c2b100db),new-blog-38-118,Image: new blog 38
ObjectId(59caa7cc476a6763c2b100dc),new-blog-39,new blog 39
ObjectId(59caa7cc476a6763c2b100dd),new-blog-39-12,Image: new blog 39
ObjectId(59caa7ce476a6763c2b100de),new-blog-40,new blog 40
ObjectId(59caa7ce476a6763c2b100df),new-blog-40-77,Image: new blog 40
ObjectId(59caa7d0476a6763c2b100e0),new-blog-41,new blog 41
ObjectId(59caa7d0476a6763c2b100e1),new-blog-41-123,Image: new blog 41
ObjectId(59caa7d2476a6763c6d277aa),new-blog-42,new blog 42
ObjectId(59caa7d2476a6763c6d277ab),new-blog-42-42,Image: new blog 42
ObjectId(59caa7d4476a6763c6d277ac),new-blog-43,new blog 43
ObjectId(59caa7d4476a6763c6d277ad),new-blog-43-51,Image: new blog 43
ObjectId(59caa7d6476a6763c2b100e2),new-blog-44,new blog 44
ObjectId(59caa7d6476a6763c2b100e3),new-blog-44-101,Image: new blog 44
ObjectId(59caa7d8476a6763c2b100e4),new-blog-45,new blog 45
ObjectId(59caa7d8476a6763c2b100e5),new-blog-45-233,Image: new blog 45
ObjectId(59caa7da476a6763c2b100e6),new-blog-46,new blog 46
ObjectId(59caa7da476a6763c2b100e7),new-blog-46-202,Image: new blog 46
ObjectId(59caa7dc476a6763c6d277ae),new-blog-47,new blog 47
ObjectId(59caa7dc476a6763c6d277af),new-blog-47-83,Image: new blog 47
ObjectId(59caa7de476a6763c2b100e8),new-blog-48,new blog 48
ObjectId(59caa7de476a6763c2b100e9),new-blog-48-186,Image: new blog 48
ObjectId(59caa7df476a6763c6d277b0),new-blog-49,new blog 49
ObjectId(59caa7df476a6763c6d277b1),new-blog-49-163,Image: new blog 49
ObjectId(59caa7e1476a6763c2b100ea),new-blog-50,new blog 50
ObjectId(59caa7e2476a6763c2b100eb),new-blog-50-150,Image: new blog 50
ObjectId(59caa7e3476a6763c2b100ec),new-blog-51,new blog 51
ObjectId(59caa7e3476a6763c2b100ed),new-blog-51-143,Image: new blog 51
ObjectId(59caa7e5476a6763c2b100ee),new-blog-52,new blog 52
ObjectId(59caa7e5476a6763c2b100ef),new-blog-52-169,Image: new blog 52
ObjectId(59caa7e6476a6763c2b100f0),new-blog-53,new blog 53
ObjectId(59caa7e6476a6763c2b100f1),new-blog-53-69,Image: new blog 53
ObjectId(59caa7e8476a6763bf8f5e7c),new-blog-54,new blog 54
ObjectId(59caa7e8476a6763bf8f5e7d),new-blog-54-55,Image: new blog 54
ObjectId(59caa7eb476a6763bf8f5e7e),new-blog-55,new blog 55
ObjectId(59caa7eb476a6763bf8f5e7f),new-blog-55-66,Image: new blog 55
ObjectId(59caa7ed476a6763c6d277b2),new-blog-56,new blog 56
ObjectId(59caa7ed476a6763c6d277b3),new-blog-56-91,Image: new blog 56
ObjectId(59caa7ef476a6763c6d277b4),new-blog-57,new blog 57
ObjectId(59caa7ef476a6763c6d277b5),new-blog-57-94,Image: new blog 57
ObjectId(59caa7f0476a6763c6d277b6),new-blog-58,new blog 58
ObjectId(59caa7f0476a6763c6d277b7),new-blog-58-223,Image: new blog 58
ObjectId(59caa7f2476a6763c6d277b8),new-blog-59,new blog 59
ObjectId(59caa7f2476a6763c6d277b9),new-blog-59-92,Image: new blog 59
ObjectId(59caa7f4476a6763c6d277ba),new-blog-60,new blog 60
ObjectId(59caa7f4476a6763c6d277bb),new-blog-60-80,Image: new blog 60
ObjectId(59caa7f5476a6763c6d277bc),new-blog-61,new blog 61
ObjectId(59caa7f5476a6763c6d277bd),new-blog-61-32,Image: new blog 61
ObjectId(59caa7f7476a6763c2b100f2),new-blog-62,new blog 62
ObjectId(59caa7f7476a6763c2b100f3),new-blog-62-24,Image: new blog 62
ObjectId(59caa7f9476a6763c2b100f4),new-blog-63,new blog 63
ObjectId(59caa7f9476a6763c2b100f5),new-blog-63-124,Image: new blog 63
ObjectId(59caa7fa476a6763c2b100f6),new-blog-64,new blog 64
ObjectId(59caa7fb476a6763c2b100f7),new-blog-64-239,Image: new blog 64
ObjectId(59caa7fc476a6763c2b100f8),new-blog-65,new blog 65
ObjectId(59caa7fc476a6763c2b100f9),new-blog-65-124,Image: new blog 65
ObjectId(59caa7fe476a6763c2b100fa),new-blog-66,new blog 66
ObjectId(59caa7fe476a6763c2b100fb),new-blog-66-19,Image: new blog 66
ObjectId(59caa800476a6763c2b100fc),new-blog-67,new blog 67
ObjectId(59caa800476a6763c2b100fd),new-blog-67-253,Image: new blog 67
ObjectId(59caa801476a6763c2b100fe),new-blog-68,new blog 68
ObjectId(59caa801476a6763c2b100ff),new-blog-68-213,Image: new blog 68
ObjectId(59caa803476a6763c2b10100),new-blog-69,new blog 69
ObjectId(59caa803476a6763c2b10101),new-blog-69-214,Image: new blog 69
ObjectId(59caa804476a6763c2b10102),new-blog-70,new blog 70
ObjectId(59caa805476a6763c2b10103),new-blog-70-80,Image: new blog 70
ObjectId(59caa807476a6763c2b10104),new-blog-71,new blog 71
ObjectId(59caa807476a6763c2b10105),new-blog-71-97,Image: new blog 71
ObjectId(59caa808476a6763c2b10106),new-blog-72,new blog 72
ObjectId(59caa808476a6763c2b10107),new-blog-72-18,Image: new blog 72
ObjectId(59caa80a476a6763c2b10108),new-blog-73,new blog 73
ObjectId(59caa80a476a6763c2b10109),new-blog-73-22,Image: new blog 73
ObjectId(59caa80b476a6763c2b1010a),new-blog-74,new blog 74
ObjectId(59caa80b476a6763c2b1010b),new-blog-74-111,Image: new blog 74
ObjectId(59caa80d476a6763c2b1010c),new-blog-75,new blog 75
ObjectId(59caa80d476a6763c2b1010d),new-blog-75-155,Image: new blog 75
ObjectId(59caa80f476a6763c2b1010e),new-blog-76,new blog 76
ObjectId(59caa80f476a6763c2b1010f),new-blog-76-235,Image: new blog 76
ObjectId(59caa811476a6763c2b10110),new-blog-77,new blog 77
ObjectId(59caa811476a6763c2b10111),new-blog-77-53,Image: new blog 77
ObjectId(59caa812476a6763c2b10112),new-blog-78,new blog 78
ObjectId(59caa812476a6763c2b10113),new-blog-78-224,Image: new blog 78
ObjectId(59caa814476a6763c2b10114),new-blog-79,new blog 79
ObjectId(59caa814476a6763c2b10115),new-blog-79-53,Image: new blog 79
ObjectId(59caa815476a6763c6d277be),new-blog-80,new blog 80
ObjectId(59caa816476a6763c6d277bf),new-blog-80-255,Image: new blog 80
ObjectId(59caa817476a6763c6d277c0),new-blog-81,new blog 81
ObjectId(59caa818476a6763c6d277c1),new-blog-81-114,Image: new blog 81
ObjectId(59caa819476a6763c2b10116),new-blog-82,new blog 82
ObjectId(59caa81a476a6763c2b10117),new-blog-82-93,Image: new blog 82
ObjectId(59caa81b476a6763c2b10118),new-blog-83,new blog 83
ObjectId(59caa81b476a6763c2b10119),new-blog-83-160,Image: new blog 83
ObjectId(59caa81d476a6763c6d277c2),new-blog-84,new blog 84
ObjectId(59caa81d476a6763c6d277c3),new-blog-84-23,Image: new blog 84
ObjectId(59caa81f476a6763c6d277c4),new-blog-85,new blog 85
ObjectId(59caa81f476a6763c6d277c5),new-blog-85-231,Image: new blog 85
ObjectId(59caa821476a6763c6d277c6),new-blog-86,new blog 86
ObjectId(59caa821476a6763c6d277c7),new-blog-86-42,Image: new blog 86
ObjectId(59caa823476a6763c6d277c8),new-blog-87,new blog 87
ObjectId(59caa823476a6763c6d277c9),new-blog-87-133,Image: new blog 87
ObjectId(59caa825476a6763c6d277ca),new-blog-88,new blog 88
ObjectId(59caa825476a6763c6d277cb),new-blog-88-23,Image: new blog 88
ObjectId(59caa827476a6763c6d277cc),new-blog-89,new blog 89
ObjectId(59caa827476a6763c6d277cd),new-blog-89-143,Image: new blog 89
ObjectId(59caa828476a6763c2b1011a),new-blog-90,new blog 90
ObjectId(59caa829476a6763c2b1011b),new-blog-90-0,Image: new blog 90
ObjectId(59caa82b476a6763c2b1011c),new-blog-91,new blog 91
ObjectId(59caa82b476a6763c2b1011d),new-blog-91-26,Image: new blog 91
ObjectId(59caa82d476a6763c2b1011e),new-blog-92,new blog 92
ObjectId(59caa82d476a6763c2b1011f),new-blog-92-41,Image: new blog 92
ObjectId(59caa82e476a6763c2b10120),new-blog-93,new blog 93
ObjectId(59caa82f476a6763c2b10121),new-blog-93-217,Image: new blog 93
ObjectId(59caa830476a6763c2b10122),new-blog-94,new blog 94
ObjectId(59caa831476a6763c2b10123),new-blog-94-69,Image: new blog 94
ObjectId(59caa832476a6763c2b10124),new-blog-95,new blog 95
ObjectId(59caa832476a6763c2b10125),new-blog-95-244,Image: new blog 95
ObjectId(59caa834476a6763c6d277ce),new-blog-96,new blog 96
ObjectId(59caa834476a6763c6d277cf),new-blog-96-97,Image: new blog 96
ObjectId(59caa836476a6763c2b10126),new-blog-97,new blog 97
ObjectId(59caa836476a6763c2b10127),new-blog-97-86,Image: new blog 97
ObjectId(59caa838476a6763c2b10128),new-blog-98,new blog 98
ObjectId(59caa838476a6763c2b10129),new-blog-98-49,Image: new blog 98
ObjectId(59caa839476a6763c2b1012a),new-blog-99,new blog 99
ObjectId(59caa839476a6763c2b1012b),new-blog-99-117,Image: new blog 99
ObjectId(59caa83b476a6763c2b1012c),new-blog-100,new blog 100
ObjectId(59caa83b476a6763c2b1012d),new-blog-100-242,Image: new blog 100
ObjectId(59caa83d476a6763c2b1012e),new-blog-101,new blog 101
ObjectId(59caa83d476a6763c2b1012f),new-blog-101-26,Image: new blog 101
ObjectId(59caa83f476a6763c2b10130),new-blog-102,new blog 102
ObjectId(59caa83f476a6763c2b10131),new-blog-102-59,Image: new blog 102
ObjectId(59caa840476a6763c2b10132),new-blog-103,new blog 103
ObjectId(59caa840476a6763c2b10133),new-blog-103-84,Image: new blog 103
ObjectId(59caa842476a6763c2b10134),new-blog-104,new blog 104
ObjectId(59caa843476a6763c2b10135),new-blog-104-70,Image: new blog 104
ObjectId(59caa844476a6763c2b10136),new-blog-105,new blog 105
ObjectId(59caa845476a6763c2b10137),new-blog-105-117,Image: new blog 105
ObjectId(59caa846476a6763c2b10138),new-blog-106,new blog 106
ObjectId(59caa846476a6763c2b10139),new-blog-106-125,Image: new blog 106
ObjectId(59caa848476a6763c2b1013a),new-blog-107,new blog 107
ObjectId(59caa848476a6763c2b1013b),new-blog-107-68,Image: new blog 107
ObjectId(59caa84a476a6763c2b1013c),new-blog-108,new blog 108
ObjectId(59caa84a476a6763c2b1013d),new-blog-108-145,Image: new blog 108
ObjectId(59caa84b476a6763c2b1013e),new-blog-109,new blog 109
ObjectId(59caa84c476a6763c2b1013f),new-blog-109-172,Image: new blog 109
ObjectId(59caa84d476a6763c2b10140),new-blog-110,new blog 110
ObjectId(59caa84d476a6763c2b10141),new-blog-110-165,Image: new blog 110
ObjectId(59caa84f476a6763c2b10142),new-blog-111,new blog 111
ObjectId(59caa84f476a6763c2b10143),new-blog-111-100,Image: new blog 111
ObjectId(59caa850476a6763c2b10144),new-blog-112,new blog 112
ObjectId(59caa850476a6763c2b10145),new-blog-112-7,Image: new blog 112
ObjectId(59caa852476a6763c2b10146),new-blog-113,new blog 113
ObjectId(59caa852476a6763c2b10147),new-blog-113-36,Image: new blog 113
ObjectId(59caa854476a6763c6d277d0),new-blog-114,new blog 114
ObjectId(59caa854476a6763c6d277d1),new-blog-114-180,Image: new blog 114
ObjectId(59caa855476a6763c6d277d2),new-blog-115,new blog 115
ObjectId(59caa856476a6763c6d277d3),new-blog-115-77,Image: new blog 115
ObjectId(59caa857476a6763c2b10148),new-blog-116,new blog 116
ObjectId(59caa857476a6763c2b10149),new-blog-116-155,Image: new blog 116
ObjectId(59caa858476a6763c2b1014a),new-blog-117,new blog 117
ObjectId(59caa859476a6763c2b1014b),new-blog-117-161,Image: new blog 117
ObjectId(59caa85a476a6763c2b1014c),new-blog-118,new blog 118
ObjectId(59caa85a476a6763c2b1014d),new-blog-118-241,Image: new blog 118
ObjectId(59caa85b476a6763c6d277d4),new-blog-119,new blog 119
ObjectId(59caa85b476a6763c6d277d5),new-blog-119-110,Image: new blog 119
ObjectId(59caa85d476a6763c6d277d6),new-blog-120,new blog 120
ObjectId(59caa85d476a6763c6d277d7),new-blog-120-160,Image: new blog 120
ObjectId(59caa85f476a6763c2b1014e),new-blog-121,new blog 121
ObjectId(59caa85f476a6763c2b1014f),new-blog-121-182,Image: new blog 121
ObjectId(59caa861476a6763c2b10150),new-blog-122,new blog 122
ObjectId(59caa861476a6763c2b10151),new-blog-122-194,Image: new blog 122
ObjectId(59caa863476a6763c2b10152),new-blog-123,new blog 123
ObjectId(59caa863476a6763c2b10153),new-blog-123-1,Image: new blog 123
ObjectId(59caa864476a6763c2b10154),new-blog-124,new blog 124
ObjectId(59caa864476a6763c2b10155),new-blog-124-72,Image: new blog 124
ObjectId(59caa866476a6763c2b10156),new-blog-125,new blog 125
ObjectId(59caa866476a6763c2b10157),new-blog-125-99,Image: new blog 125
ObjectId(59caa868476a6763c2b10158),new-blog-126,new blog 126
ObjectId(59caa868476a6763c2b10159),new-blog-126-161,Image: new blog 126
ObjectId(59caa86a476a6763c2b1015a),new-blog-127,new blog 127
ObjectId(59caa86a476a6763c2b1015b),new-blog-127-137,Image: new blog 127
ObjectId(59caa86b476a6763c2b1015c),new-blog-128,new blog 128
ObjectId(59caa86c476a6763c2b1015d),new-blog-128-170,Image: new blog 128
ObjectId(59caa86d476a6763c2b1015e),new-blog-129,new blog 129
ObjectId(59caa86e476a6763c2b1015f),new-blog-129-91,Image: new blog 129
ObjectId(59caa86f476a6763c2b10160),new-blog-130,new blog 130
ObjectId(59caa86f476a6763c2b10161),new-blog-130-161,Image: new blog 130
ObjectId(59caa870476a6763c2b10162),new-blog-131,new blog 131
ObjectId(59caa871476a6763c2b10163),new-blog-131-135,Image: new blog 131
ObjectId(59caa872476a6763c2b10164),new-blog-132,new blog 132
ObjectId(59caa872476a6763c2b10165),new-blog-132-212,Image: new blog 132
ObjectId(59caa873476a6763c2b10166),new-blog-133,new blog 133
ObjectId(59caa873476a6763c2b10167),new-blog-133-175,Image: new blog 133
ObjectId(59caa874476a6763c2b10168),new-blog-134,new blog 134
ObjectId(59caa875476a6763c2b10169),new-blog-134-26,Image: new blog 134
ObjectId(59caa877476a6763c2b1016a),new-blog-135,new blog 135
ObjectId(59caa877476a6763c2b1016b),new-blog-135-53,Image: new blog 135
ObjectId(59caa878476a6763c2b1016c),new-blog-136,new blog 136
ObjectId(59caa879476a6763c2b1016d),new-blog-136-227,Image: new blog 136
ObjectId(59caa87a476a6763c6d277d8),new-blog-137,new blog 137
ObjectId(59caa87b476a6763c6d277d9),new-blog-137-85,Image: new blog 137
ObjectId(59caa87c476a6763c6d277da),new-blog-138,new blog 138
ObjectId(59caa87c476a6763c6d277db),new-blog-138-131,Image: new blog 138
ObjectId(59caa87d476a6763c2b1016e),new-blog-139,new blog 139
ObjectId(59caa87e476a6763c2b1016f),new-blog-139-15,Image: new blog 139
ObjectId(59caa87f476a6763c2b10170),new-blog-140,new blog 140
ObjectId(59caa880476a6763c2b10171),new-blog-140-244,Image: new blog 140
ObjectId(59caa881476a6763c2b10172),new-blog-141,new blog 141
ObjectId(59caa881476a6763c2b10173),new-blog-141-79,Image: new blog 141
ObjectId(59caa883476a6763c6d277dc),new-blog-142,new blog 142
ObjectId(59caa883476a6763c6d277dd),new-blog-142-63,Image: new blog 142
ObjectId(59caa885476a6763c6d277de),new-blog-143,new blog 143
ObjectId(59caa885476a6763c6d277df),new-blog-143-251,Image: new blog 143
ObjectId(59caa886476a6763c6d277e0),new-blog-144,new blog 144
ObjectId(59caa886476a6763c6d277e1),new-blog-144-39,Image: new blog 144
ObjectId(59caa888476a6763c6d277e2),new-blog-145,new blog 145
ObjectId(59caa888476a6763c6d277e3),new-blog-145-64,Image: new blog 145
ObjectId(59caa889476a6763c2b10174),new-blog-146,new blog 146
ObjectId(59caa88a476a6763c2b10175),new-blog-146-97,Image: new blog 146
ObjectId(59caa88b476a6763c2b10176),new-blog-147,new blog 147
ObjectId(59caa88b476a6763c2b10177),new-blog-147-114,Image: new blog 147
ObjectId(59caa88d476a6763c2b10178),new-blog-148,new blog 148
ObjectId(59caa88d476a6763c2b10179),new-blog-148-164,Image: new blog 148
ObjectId(59caa88f476a6763c6d277e4),new-blog-149,new blog 149
ObjectId(59caa88f476a6763c6d277e5),new-blog-149-54,Image: new blog 149
ObjectId(59caa891476a6763c6d277e6),new-blog-150,new blog 150
ObjectId(59caa891476a6763c6d277e7),new-blog-150-181,Image: new blog 150
ObjectId(59caa893476a6763c2b1017a),new-blog-151,new blog 151
ObjectId(59caa893476a6763c2b1017b),new-blog-151-114,Image: new blog 151
ObjectId(59caa894476a6763c2b1017c),new-blog-152,new blog 152
ObjectId(59caa894476a6763c2b1017d),new-blog-152-228,Image: new blog 152
ObjectId(59caa896476a6763c2b1017e),new-blog-153,new blog 153
ObjectId(59caa896476a6763c2b1017f),new-blog-153-39,Image: new blog 153
ObjectId(59caaa48476a6763c6d277e8),new-blog-142-133,Image: new blog 142
